market_demand,competition,problem_severity,customer_accessibility,business_model_strength,startup_cost,scalability,growth_potential,viability_score
13.0,75.0,64.0,44.0,44.0,83.0,12.0,68.0,26.42
52.0,93.0,71.0,74.0,70.0,76.0,51.0,16.0,43.56
50.0,38.0,21.0,89.0,76.0,63.0,41.0,79.0,57.86
45.0,25.0,13.0,55.0,85.0,10.0,83.0,80.0,52.86
20.0,73.0,68.0,37.0,11.0,93.0,45.0,86.0,36.92
74.0,22.0,38.0,47.0,50.0,8.0,54.0,19.0,45.06
88.0,72.0,38.0,93.0,42.0,34.0,87.0,38.0,56.76
77.0,22.0,47.0,16.0,67.0,48.0,35.0,25.0,49.27
90.0,44.0,19.0,80.0,62.0,68.0,13.0,33.0,45.83
44.0,78.0,81.0,40.0,86.0,31.0,26.0,67.0,50.2
80.0,23.0,78.0,5.0,77.0,76.0,76.0,65.0,57.52
30.0,76.0,55.0,46.0,51.0,56.0,8.0,17.0,36.81
45.0,65.0,64.0,47.0,82.0,56.0,12.0,74.0,50.33
56.0,55.0,13.0,55.0,77.0,32.0,59.0,7.0,36.49
94.0,24.0,30.0,42.0,95.0,82.0,8.0,26.0,49.86
82.0,30.0,88.0,31.0,44.0,65.0,16.0,55.0,54.4
95.0,65.0,42.0,41.0,43.0,79.0,34.0,20.0,43.04
14.0,13.0,75.0,70.0,68.0,47.0,70.0,19.0,48.46
90.0,18.0,50.0,68.0,50.0,45.0,20.0,39.0,50.59
67.0,62.0,60.0,37.0,92.0,12.0,36.0,15.0,39.74
38.0,87.0,50.0,68.0,46.0,29.0,74.0,93.0,46.21
28.0,70.0,76.0,45.0,72.0,29.0,12.0,13.0,32.37
16.0,46.0,69.0,23.0,70.0,32.0,78.0,57.0,41.81
47.0,82.0,6.0,74.0,49.0,70.0,65.0,44.0,39.91
17.0,58.0,13.0,64.0,62.0,12.0,73.0,42.0,35.51
21.0,49.0,22.0,35.0,65.0,18.0,66.0,14.0,24.02
77.0,20.0,32.0,89.0,95.0,57.0,45.0,36.0,64.52
31.0,7.0,18.0,92.0,43.0,48.0,47.0,76.0,52.05
30.0,49.0,66.0,49.0,45.0,90.0,19.0,57.0,32.35
78.0,29.0,91.0,35.0,54.0,52.0,82.0,44.0,60.17
38.0,80.0,5.0,86.0,54.0,17.0,32.0,55.0,25.47
65.0,66.0,15.0,30.0,27.0,65.0,71.0,71.0,42.13
34.0,14.0,60.0,88.0,93.0,25.0,26.0,8.0,44.39
54.0,38.0,33.0,80.0,46.0,78.0,92.0,33.0,56.72
62.0,31.0,61.0,51.0,87.0,28.0,95.0,90.0,69.6
53.0,9.0,32.0,44.0,93.0,95.0,18.0,86.0,67.08
81.0,86.0,25.0,86.0,15.0,52.0,47.0,33.0,40.22
35.0,65.0,42.0,39.0,85.0,13.0,72.0,72.0,48.18
5.0,90.0,91.0,26.0,7.0,16.0,11.0,80.0,23.73
72.0,21.0,38.0,59.0,70.0,84.0,9.0,22.0,44.31
95.0,75.0,34.0,93.0,50.0,50.0,44.0,18.0,50.43
20.0,25.0,30.0,16.0,6.0,66.0,93.0,16.0,27.6
89.0,68.0,74.0,57.0,42.0,23.0,83.0,78.0,64.58
12.0,72.0,80.0,16.0,44.0,16.0,56.0,89.0,35.97
93.0,32.0,17.0,49.0,51.0,65.0,33.0,91.0,55.05
92.0,89.0,50.0,7.0,59.0,55.0,18.0,62.0,38.9
70.0,17.0,73.0,43.0,5.0,92.0,20.0,59.0,43.65
72.0,78.0,44.0,47.0,62.0,76.0,82.0,6.0,52.85
31.0,80.0,27.0,77.0,47.0,26.0,35.0,53.0,28.87
89.0,83.0,73.0,59.0,31.0,42.0,15.0,39.0,49.74
15.0,64.0,92.0,83.0,29.0,46.0,53.0,27.0,33.23
95.0,72.0,81.0,79.0,92.0,14.0,85.0,11.0,61.12
37.0,18.0,22.0,80.0,34.0,33.0,89.0,18.0,44.53
59.0,20.0,19.0,30.0,57.0,18.0,46.0,15.0,34.53
69.0,10.0,22.0,20.0,80.0,9.0,44.0,58.0,52.66
78.0,40.0,80.0,33.0,94.0,50.0,71.0,84.0,65.99
53.0,8.0,49.0,21.0,85.0,26.0,25.0,27.0,51.97
91.0,42.0,30.0,9.0,5.0,38.0,89.0,52.0,36.44
13.0,80.0,14.0,9.0,41.0,89.0,67.0,14.0,27.06
77.0,87.0,26.0,94.0,34.0,77.0,57.0,75.0,52.51
61.0,75.0,72.0,17.0,80.0,53.0,34.0,51.0,55.27
80.0,47.0,76.0,40.0,67.0,63.0,27.0,29.0,50.33
44.0,48.0,20.0,42.0,59.0,26.0,35.0,38.0,38.96
72.0,34.0,44.0,39.0,21.0,67.0,26.0,32.0,45.84
66.0,88.0,82.0,48.0,75.0,34.0,46.0,53.0,60.87
49.0,64.0,23.0,78.0,55.0,53.0,74.0,62.0,45.04
21.0,71.0,8.0,23.0,59.0,68.0,50.0,83.0,35.92
91.0,60.0,62.0,13.0,61.0,71.0,57.0,12.0,40.5
70.0,17.0,92.0,92.0,20.0,77.0,42.0,59.0,63.98
95.0,77.0,89.0,91.0,13.0,28.0,70.0,58.0,53.89
52.0,61.0,20.0,20.0,16.0,56.0,5.0,57.0,14.75
66.0,52.0,71.0,74.0,88.0,77.0,52.0,49.0,52.8
17.0,89.0,81.0,15.0,76.0,15.0,70.0,12.0,35.37
71.0,43.0,88.0,75.0,23.0,66.0,71.0,35.0,56.45
79.0,74.0,62.0,29.0,77.0,38.0,53.0,33.0,48.63
92.0,18.0,12.0,90.0,55.0,44.0,72.0,39.0,64.52
21.0,55.0,91.0,90.0,37.0,76.0,60.0,48.0,50.35
64.0,94.0,5.0,70.0,82.0,91.0,43.0,15.0,53.64
84.0,62.0,16.0,16.0,48.0,58.0,7.0,67.0,39.63
13.0,46.0,70.0,80.0,44.0,31.0,93.0,46.0,42.59
6.0,32.0,51.0,88.0,72.0,76.0,54.0,15.0,32.43
9.0,85.0,67.0,30.0,75.0,81.0,8.0,14.0,30.68
61.0,13.0,66.0,86.0,83.0,7.0,27.0,26.0,52.86
82.0,75.0,78.0,23.0,6.0,87.0,31.0,64.0,43.39
5.0,5.0,19.0,9.0,79.0,60.0,94.0,77.0,38.87
31.0,82.0,27.0,10.0,65.0,77.0,93.0,89.0,46.61
81.0,68.0,79.0,81.0,45.0,8.0,46.0,23.0,55.45
54.0,62.0,12.0,82.0,45.0,19.0,79.0,71.0,41.55
6.0,29.0,14.0,69.0,52.0,94.0,73.0,60.0,45.28
11.0,61.0,5.0,8.0,24.0,85.0,46.0,69.0,29.44
38.0,13.0,75.0,21.0,39.0,94.0,58.0,46.0,50.61
28.0,62.0,84.0,57.0,45.0,18.0,27.0,91.0,43.56
43.0,57.0,53.0,68.0,28.0,64.0,45.0,90.0,49.99
47.0,51.0,67.0,41.0,88.0,48.0,16.0,15.0,43.47
91.0,30.0,13.0,32.0,60.0,43.0,76.0,60.0,53.22
93.0,42.0,18.0,42.0,81.0,24.0,91.0,58.0,52.67
88.0,8.0,32.0,43.0,48.0,48.0,18.0,25.0,40.34
36.0,56.0,58.0,68.0,54.0,63.0,58.0,64.0,52.88
27.0,76.0,36.0,54.0,22.0,44.0,53.0,61.0,45.66
92.0,51.0,78.0,72.0,55.0,85.0,16.0,88.0,65.18
71.0,52.0,29.0,77.0,27.0,33.0,52.0,81.0,51.81
84.0,81.0,79.0,10.0,12.0,30.0,56.0,35.0,36.74
71.0,33.0,11.0,72.0,87.0,6.0,44.0,80.0,47.13
42.0,38.0,69.0,18.0,26.0,59.0,65.0,15.0,21.74
50.0,92.0,11.0,95.0,45.0,75.0,43.0,33.0,40.39
18.0,69.0,73.0,40.0,89.0,63.0,35.0,5.0,42.41
73.0,52.0,47.0,19.0,69.0,20.0,43.0,81.0,58.2
92.0,55.0,23.0,81.0,77.0,95.0,64.0,17.0,64.78
81.0,40.0,34.0,12.0,81.0,73.0,8.0,44.0,54.54
88.0,18.0,32.0,21.0,27.0,87.0,90.0,9.0,39.26
22.0,31.0,22.0,49.0,95.0,58.0,70.0,49.0,44.04
29.0,27.0,81.0,81.0,82.0,63.0,55.0,64.0,59.7
77.0,74.0,60.0,10.0,70.0,38.0,72.0,54.0,53.89
89.0,81.0,35.0,48.0,53.0,74.0,67.0,82.0,56.07
44.0,87.0,32.0,58.0,15.0,82.0,39.0,35.0,26.61
6.0,41.0,95.0,88.0,62.0,62.0,40.0,21.0,50.48
33.0,22.0,28.0,7.0,60.0,89.0,67.0,45.0,43.09
17.0,59.0,56.0,5.0,42.0,30.0,20.0,68.0,30.01
69.0,94.0,78.0,61.0,84.0,48.0,94.0,74.0,66.58
51.0,70.0,30.0,92.0,61.0,76.0,46.0,83.0,57.34
51.0,71.0,78.0,45.0,64.0,55.0,92.0,64.0,64.82
14.0,94.0,19.0,31.0,79.0,71.0,93.0,73.0,39.86
5.0,16.0,32.0,8.0,51.0,75.0,92.0,49.0,42.79
83.0,47.0,34.0,93.0,27.0,42.0,11.0,77.0,55.62
25.0,55.0,54.0,77.0,29.0,89.0,45.0,79.0,48.67
10.0,38.0,91.0,9.0,38.0,14.0,89.0,66.0,34.35
64.0,75.0,5.0,83.0,72.0,72.0,40.0,77.0,52.29
87.0,26.0,14.0,61.0,26.0,83.0,45.0,5.0,43.03
28.0,66.0,53.0,7.0,74.0,41.0,68.0,86.0,52.26
28.0,26.0,42.0,82.0,52.0,36.0,75.0,82.0,50.65
69.0,58.0,45.0,41.0,15.0,30.0,55.0,85.0,38.55
66.0,12.0,66.0,36.0,45.0,70.0,43.0,78.0,67.04
63.0,31.0,75.0,42.0,53.0,17.0,15.0,57.0,38.39
10.0,40.0,50.0,88.0,24.0,50.0,36.0,17.0,39.59
12.0,11.0,36.0,23.0,55.0,6.0,32.0,46.0,31.47
85.0,36.0,45.0,43.0,85.0,92.0,92.0,73.0,65.45
94.0,30.0,36.0,86.0,40.0,26.0,56.0,34.0,55.03
32.0,53.0,94.0,72.0,24.0,58.0,61.0,64.0,46.15
82.0,26.0,32.0,34.0,21.0,19.0,36.0,84.0,46.83
10.0,56.0,27.0,77.0,58.0,76.0,62.0,44.0,43.38
91.0,95.0,58.0,66.0,28.0,79.0,66.0,87.0,55.47
47.0,21.0,20.0,56.0,34.0,14.0,43.0,64.0,36.9
75.0,51.0,90.0,44.0,17.0,8.0,90.0,92.0,52.85
31.0,8.0,9.0,27.0,57.0,10.0,94.0,46.0,38.22
76.0,33.0,9.0,9.0,82.0,15.0,62.0,39.0,48.83
86.0,68.0,45.0,23.0,93.0,32.0,49.0,40.0,54.33
18.0,5.0,31.0,15.0,42.0,83.0,19.0,5.0,25.73
30.0,49.0,7.0,35.0,42.0,44.0,55.0,76.0,30.32
53.0,28.0,25.0,34.0,59.0,27.0,88.0,48.0,41.56
35.0,25.0,72.0,35.0,27.0,89.0,48.0,9.0,32.99
83.0,69.0,22.0,18.0,59.0,9.0,34.0,17.0,34.52
13.0,5.0,89.0,22.0,79.0,7.0,18.0,15.0,26.04
48.0,26.0,13.0,56.0,25.0,58.0,67.0,82.0,45.65
30.0,82.0,53.0,61.0,46.0,19.0,86.0,75.0,39.97
31.0,28.0,27.0,88.0,55.0,46.0,93.0,59.0,60.53
12.0,37.0,71.0,78.0,18.0,33.0,54.0,77.0,44.83
31.0,24.0,51.0,42.0,62.0,33.0,79.0,12.0,43.27
71.0,36.0,39.0,6.0,68.0,20.0,64.0,70.0,57.6
32.0,72.0,80.0,33.0,16.0,85.0,18.0,59.0,35.91
75.0,18.0,65.0,68.0,10.0,20.0,77.0,51.0,44.89
29.0,5.0,89.0,6.0,55.0,95.0,57.0,58.0,52.47
57.0,86.0,13.0,85.0,42.0,53.0,20.0,61.0,37.54
70.0,9.0,45.0,59.0,17.0,31.0,36.0,65.0,37.61
22.0,6.0,9.0,59.0,19.0,26.0,82.0,84.0,40.36
61.0,60.0,21.0,55.0,52.0,41.0,73.0,66.0,53.69
74.0,56.0,29.0,74.0,70.0,94.0,18.0,43.0,52.25
90.0,6.0,8.0,77.0,37.0,52.0,43.0,42.0,46.98
75.0,85.0,64.0,40.0,19.0,67.0,47.0,18.0,32.32
29.0,21.0,67.0,23.0,88.0,83.0,94.0,88.0,57.66
36.0,47.0,85.0,71.0,63.0,84.0,63.0,39.0,54.65
13.0,72.0,64.0,71.0,53.0,76.0,91.0,56.0,42.82
75.0,87.0,68.0,83.0,83.0,77.0,50.0,14.0,62.8
44.0,72.0,46.0,7.0,24.0,94.0,94.0,39.0,47.08
89.0,85.0,62.0,40.0,62.0,34.0,36.0,60.0,54.86
40.0,42.0,5.0,59.0,57.0,90.0,50.0,47.0,46.68
35.0,39.0,38.0,40.0,74.0,16.0,35.0,19.0,37.37
9.0,35.0,7.0,91.0,71.0,27.0,23.0,14.0,29.78
58.0,85.0,36.0,30.0,48.0,23.0,93.0,21.0,34.86
10.0,47.0,46.0,28.0,16.0,9.0,5.0,48.0,22.58
27.0,64.0,66.0,50.0,85.0,15.0,26.0,27.0,37.47
33.0,74.0,32.0,84.0,75.0,87.0,14.0,94.0,44.76
37.0,91.0,58.0,11.0,42.0,17.0,90.0,32.0,30.68
43.0,13.0,79.0,81.0,72.0,61.0,41.0,54.0,57.69
12.0,28.0,46.0,19.0,14.0,82.0,39.0,58.0,26.93
72.0,31.0,82.0,38.0,81.0,41.0,15.0,74.0,58.18
8.0,23.0,59.0,90.0,42.0,15.0,26.0,86.0,37.34
40.0,29.0,21.0,82.0,61.0,21.0,64.0,42.0,47.51
21.0,27.0,84.0,69.0,17.0,82.0,57.0,84.0,46.63
53.0,53.0,70.0,27.0,35.0,27.0,31.0,19.0,29.73
11.0,85.0,5.0,75.0,34.0,52.0,30.0,49.0,23.83
40.0,53.0,80.0,44.0,37.0,16.0,37.0,16.0,37.0
13.0,48.0,80.0,91.0,18.0,19.0,38.0,55.0,32.54
19.0,28.0,84.0,7.0,39.0,15.0,19.0,88.0,42.57
88.0,60.0,11.0,47.0,93.0,41.0,53.0,53.0,54.9
81.0,94.0,17.0,79.0,79.0,72.0,38.0,47.0,52.68
80.0,88.0,67.0,36.0,55.0,9.0,89.0,36.0,45.85
64.0,61.0,9.0,73.0,62.0,77.0,80.0,24.0,47.99
53.0,44.0,31.0,63.0,73.0,5.0,55.0,95.0,51.52
84.0,10.0,41.0,46.0,77.0,16.0,44.0,18.0,50.06
50.0,40.0,18.0,88.0,63.0,34.0,42.0,71.0,54.53
32.0,65.0,64.0,59.0,11.0,48.0,60.0,91.0,35.6
55.0,21.0,13.0,66.0,94.0,81.0,58.0,8.0,43.31
31.0,86.0,72.0,73.0,30.0,95.0,46.0,53.0,41.22
20.0,32.0,37.0,91.0,70.0,38.0,71.0,72.0,51.68
86.0,56.0,18.0,70.0,58.0,51.0,70.0,87.0,62.79
22.0,63.0,41.0,36.0,68.0,42.0,47.0,45.0,36.57
80.0,13.0,34.0,65.0,16.0,64.0,71.0,65.0,55.76
85.0,34.0,78.0,23.0,19.0,75.0,90.0,83.0,55.5
88.0,65.0,20.0,16.0,84.0,30.0,74.0,17.0,48.07
30.0,66.0,88.0,87.0,72.0,23.0,92.0,54.0,46.44
74.0,91.0,57.0,60.0,72.0,28.0,33.0,61.0,54.99
70.0,93.0,52.0,41.0,45.0,67.0,54.0,7.0,35.77
68.0,84.0,92.0,60.0,37.0,45.0,21.0,90.0,55.87
34.0,34.0,82.0,54.0,69.0,49.0,45.0,62.0,49.41
78.0,27.0,41.0,88.0,91.0,89.0,33.0,81.0,71.41
6.0,72.0,95.0,74.0,26.0,74.0,14.0,48.0,29.72
68.0,26.0,60.0,63.0,62.0,31.0,32.0,28.0,51.46
37.0,42.0,31.0,24.0,64.0,79.0,31.0,83.0,41.52
38.0,5.0,8.0,35.0,46.0,77.0,17.0,81.0,40.74
68.0,75.0,60.0,15.0,15.0,40.0,46.0,95.0,38.01
91.0,19.0,7.0,43.0,41.0,61.0,84.0,89.0,65.38
62.0,11.0,90.0,17.0,58.0,76.0,27.0,29.0,51.5
25.0,65.0,46.0,15.0,69.0,80.0,57.0,21.0,34.63
51.0,55.0,27.0,50.0,31.0,67.0,77.0,64.0,41.25
7.0,95.0,7.0,51.0,14.0,13.0,67.0,71.0,26.19
34.0,33.0,32.0,46.0,21.0,43.0,24.0,9.0,27.87
74.0,37.0,34.0,76.0,66.0,80.0,87.0,79.0,72.41
40.0,34.0,26.0,73.0,70.0,77.0,20.0,49.0,44.57
29.0,18.0,56.0,84.0,88.0,13.0,34.0,18.0,47.9
30.0,11.0,51.0,9.0,25.0,5.0,12.0,44.0,25.39
13.0,8.0,35.0,64.0,72.0,79.0,36.0,20.0,40.11
10.0,83.0,29.0,79.0,55.0,54.0,46.0,79.0,46.03
43.0,40.0,54.0,72.0,58.0,28.0,34.0,73.0,48.61
54.0,73.0,70.0,47.0,33.0,38.0,42.0,24.0,34.54
64.0,73.0,92.0,15.0,74.0,12.0,35.0,21.0,47.83
8.0,79.0,10.0,41.0,68.0,95.0,82.0,17.0,29.54
21.0,45.0,88.0,40.0,21.0,84.0,91.0,93.0,40.82
46.0,22.0,61.0,25.0,48.0,64.0,91.0,31.0,40.94
5.0,56.0,72.0,55.0,39.0,80.0,38.0,69.0,39.07
53.0,9.0,89.0,59.0,38.0,49.0,61.0,28.0,47.42
28.0,73.0,14.0,80.0,36.0,56.0,19.0,40.0,31.07
17.0,52.0,19.0,33.0,45.0,56.0,63.0,66.0,38.21
37.0,5.0,5.0,24.0,59.0,86.0,75.0,63.0,49.54
81.0,86.0,13.0,47.0,80.0,48.0,81.0,90.0,60.4
35.0,24.0,48.0,58.0,47.0,22.0,32.0,66.0,50.14
86.0,14.0,42.0,23.0,14.0,43.0,52.0,21.0,39.7
64.0,83.0,21.0,34.0,36.0,37.0,27.0,10.0,37.32
36.0,29.0,89.0,60.0,43.0,23.0,77.0,85.0,52.85
68.0,14.0,73.0,14.0,9.0,15.0,46.0,61.0,36.34
23.0,82.0,92.0,73.0,14.0,79.0,67.0,52.0,47.55
45.0,9.0,24.0,41.0,10.0,34.0,47.0,91.0,43.23
88.0,78.0,89.0,20.0,77.0,94.0,34.0,50.0,58.94
78.0,41.0,77.0,58.0,47.0,16.0,64.0,34.0,55.62
94.0,14.0,77.0,83.0,7.0,58.0,57.0,37.0,54.55
45.0,44.0,77.0,62.0,39.0,89.0,77.0,89.0,59.46
75.0,34.0,29.0,46.0,93.0,56.0,39.0,47.0,55.93
36.0,55.0,38.0,34.0,93.0,36.0,11.0,39.0,46.97
32.0,20.0,50.0,70.0,93.0,40.0,83.0,24.0,51.56
73.0,73.0,53.0,28.0,52.0,80.0,93.0,89.0,62.13
14.0,65.0,95.0,9.0,64.0,91.0,82.0,40.0,48.14
88.0,57.0,94.0,5.0,61.0,8.0,90.0,66.0,60.74
12.0,7.0,35.0,72.0,18.0,82.0,26.0,50.0,39.99
46.0,5.0,56.0,76.0,90.0,35.0,85.0,84.0,78.04
82.0,56.0,10.0,29.0,66.0,19.0,44.0,75.0,35.06
24.0,53.0,26.0,92.0,11.0,92.0,77.0,82.0,39.53
89.0,59.0,92.0,84.0,57.0,39.0,15.0,14.0,56.13
50.0,48.0,27.0,56.0,63.0,94.0,71.0,60.0,58.51
90.0,38.0,16.0,43.0,16.0,15.0,85.0,77.0,44.21
11.0,30.0,69.0,32.0,71.0,84.0,11.0,7.0,37.14
51.0,47.0,44.0,67.0,57.0,19.0,62.0,65.0,49.0
76.0,61.0,17.0,8.0,57.0,47.0,92.0,52.0,37.53
45.0,17.0,57.0,22.0,49.0,36.0,21.0,13.0,39.04
23.0,41.0,25.0,78.0,42.0,93.0,27.0,12.0,36.94
95.0,84.0,85.0,62.0,37.0,44.0,17.0,44.0,51.8
23.0,53.0,38.0,95.0,48.0,92.0,65.0,8.0,37.74
54.0,32.0,52.0,87.0,40.0,9.0,33.0,90.0,44.76
87.0,15.0,30.0,10.0,5.0,80.0,90.0,19.0,40.67
11.0,88.0,84.0,56.0,69.0,41.0,77.0,45.0,48.99
20.0,93.0,31.0,33.0,77.0,22.0,51.0,31.0,24.07
23.0,13.0,66.0,83.0,16.0,69.0,54.0,80.0,54.19
61.0,81.0,37.0,90.0,61.0,16.0,88.0,77.0,57.6
40.0,54.0,92.0,86.0,24.0,93.0,44.0,69.0,39.77
46.0,46.0,83.0,40.0,30.0,37.0,22.0,40.0,45.09
70.0,12.0,56.0,75.0,70.0,45.0,22.0,89.0,69.78
12.0,8.0,33.0,19.0,83.0,23.0,30.0,93.0,46.17
39.0,51.0,65.0,90.0,84.0,93.0,8.0,26.0,49.05
37.0,18.0,89.0,10.0,18.0,22.0,18.0,56.0,36.99
28.0,53.0,65.0,61.0,77.0,23.0,51.0,77.0,61.89
64.0,83.0,61.0,91.0,16.0,36.0,15.0,13.0,45.23
42.0,44.0,61.0,91.0,82.0,39.0,34.0,75.0,56.23
43.0,21.0,61.0,34.0,21.0,64.0,20.0,66.0,45.05
78.0,25.0,74.0,70.0,87.0,20.0,70.0,90.0,67.12
79.0,14.0,58.0,50.0,53.0,52.0,7.0,51.0,49.09
30.0,95.0,14.0,49.0,51.0,48.0,88.0,43.0,36.31
71.0,58.0,26.0,25.0,70.0,63.0,60.0,9.0,53.12
6.0,47.0,49.0,86.0,30.0,48.0,70.0,10.0,35.86
70.0,63.0,73.0,76.0,87.0,43.0,46.0,63.0,73.34
75.0,62.0,32.0,36.0,44.0,65.0,75.0,66.0,46.32
69.0,38.0,59.0,43.0,62.0,78.0,38.0,51.0,47.19
49.0,46.0,53.0,24.0,59.0,72.0,36.0,16.0,44.76
